Andong,North Gyeongsang,South Korea
Ansan,Gyeonggi,South Korea
Anseong,Gyeonggi,South Korea
Anyang,Gyeonggi,South Korea
Asan,South Chungcheong,South Korea
Boryeong,South Chungcheong,South Korea
Bucheon,Gyeonggi,South Korea
Busan,,South Korea
Changwon,South Gyeongsang,South Korea
Cheonan,South Chungcheong,South Korea
Cheongju,North Chungcheong,South Korea
Chuncheon,Gangwon,South Korea
Chungju,North Chungcheong,South Korea
Daegu,,South Korea
Daejeon,,South Korea
Dangjin,South Chungcheong,South Korea
Dongducheon,Gyeonggi,South Korea
Donghae,Gangwon,South Korea
Gangneung,Gangwon,South Korea
Geoje,South Gyeongsang,South Korea
Gimcheon,North Gyeongsang,South Korea
Gimhae,South Gyeongsang,South Korea
Gimje,North Jeolla,South Korea
Gimpo,Gyeonggi,South Korea
Gongju,South Chungcheong,South Korea
Goyang,Gyeonggi,South Korea
Gumi,North Gyeongsang,South Korea
Gunpo,Gyeonggi,South Korea
Gunsan,North Jeolla,South Korea
Guri,Gyeonggi,South Korea
Gwacheon,Gyeonggi,South Korea
Gwangju,,South Korea
Gwangju,Gyeonggi,South Korea
Gwangmyeong,Gyeonggi,South Korea
Gwangyang,South Jeolla,South Korea
Gyeongju,North Gyeongsang,South Korea
Gyeongsan,North Gyeongsang,South Korea
Gyeryong,South Chungcheong,South Korea
Hanam,Gyeonggi,South Korea
Hwaseong,Gyeonggi,South Korea
Icheon,Gyeonggi,South Korea
Iksan,North Jeolla,South Korea
Incheon,,South Korea
Jecheon,North Chungcheong,South Korea
Jeongeup,North Jeolla,South Korea
Jeonju,North Jeolla,South Korea
Jeju,Jeju,South Korea
Jinju,South Gyeongsang,South Korea
Naju,South Jeolla,South Korea
Namyangju,Gyeonggi,South Korea
Namwon,North Jeolla,South Korea
Nonsan,South Chungcheong,South Korea
Miryang,South Gyeongsang,South Korea
Mokpo,South Jeolla,South Korea
Mungyeong,North Gyeongsang,South Korea
Osan,Gyeonggi,South Korea
Paju,Gyeonggi,South Korea
Pocheon,Gyeonggi,South Korea
Pohang,North Gyeongsang,South Korea
Pyeongtaek,Gyeonggi,South Korea
Sacheon,South Gyeongsang,South Korea
Sangju,North Gyeongsang,South Korea
Samcheok,Gangwon,South Korea
Sejong,,South Korea
Seogwipo,Jeju,South Korea
Seongnam,Gyeonggi,South Korea
Seosan,South Chungcheong,South Korea
Seoul,,South Korea
Siheung,Gyeonggi,South Korea
Sokcho,Gangwon,South Korea
Suncheon,South Jeolla,South Korea
Suwon,Gyeonggi,South Korea
Taebaek,Gangwon,South Korea
Tongyeong,South Gyeongsang,South Korea
Uijeongbu,Gyeonggi,South Korea
Uiwang,Gyeonggi,South Korea
Ulsan,,South Korea
Wonju,Gangwon,South Korea
Yangju,Gyeonggi,South Korea
Yangsan,South Gyeongsang,South Korea
Yeoju,Gyeonggi,South Korea
Yeongcheon,North Gyeongsang,South Korea
Yeongju,North Gyeongsang,South Korea
Yeosu,South Jeolla,South Korea
Yongin,Gyeonggi,South Korea